[
  {
    "Constant": false,
    "Name": "dtContactos",
    "TypeFullyQualifiedName": "System.Data.DataTable, System.Data.Common, Version=8.0.0.0, Culture=neutral, PublicKeyToken=b03f5f7f11d50a3a",
    "UnresolvedTypeFullyQualifiedName": null,
    "Expression": null,
    "IsLiteral": false
  },
  {
    "Constant": false,
    "Name": "TotalContactos",
    "TypeFullyQualifiedName": "System.Int32, System.Private.CoreLib, Version=8.0.0.0, Culture=neutral, PublicKeyToken=7cec85d7bea7798e",
    "UnresolvedTypeFullyQualifiedName": null,
    "Expression": null,
    "IsLiteral": false
  },
  {
    "Constant": false,
    "Name": "uiBrowser",
    "TypeFullyQualifiedName": "UiPath.UiBrowser, UiPath.Interop, Version=25.4.5.1, Culture=neutral, PublicKeyToken=461894da7f0ba157",
    "UnresolvedTypeFullyQualifiedName": null,
    "Expression": null,
    "IsLiteral": false
  },
  {
    "Constant": false,
    "Name": "varCorreoDestino",
    "TypeFullyQualifiedName": "System.String, System.Private.CoreLib, Version=8.0.0.0, Culture=neutral, PublicKeyToken=7cec85d7bea7798e",
    "UnresolvedTypeFullyQualifiedName": null,
    "Expression": null,
    "IsLiteral": false
  },
  {
    "Constant": false,
    "Name": "varProvincia",
    "TypeFullyQualifiedName": "System.String, System.Private.CoreLib, Version=8.0.0.0, Culture=neutral, PublicKeyToken=7cec85d7bea7798e",
    "UnresolvedTypeFullyQualifiedName": null,
    "Expression": null,
    "IsLiteral": false
  },
  {
    "Constant": false,
    "Name": "varApellido",
    "TypeFullyQualifiedName": "System.String, System.Private.CoreLib, Version=8.0.0.0, Culture=neutral, PublicKeyToken=7cec85d7bea7798e",
    "UnresolvedTypeFullyQualifiedName": null,
    "Expression": null,
    "IsLiteral": false
  },
  {
    "Constant": false,
    "Name": "RutaExcel",
    "TypeFullyQualifiedName": "System.String, System.Private.CoreLib, Version=8.0.0.0, Culture=neutral, PublicKeyToken=7cec85d7bea7798e",
    "UnresolvedTypeFullyQualifiedName": null,
    "Expression": null,
    "IsLiteral": false
  },
  {
    "Constant": false,
    "Name": "variable1",
    "TypeFullyQualifiedName": "System.String, System.Private.CoreLib, Version=8.0.0.0, Culture=neutral, PublicKeyToken=7cec85d7bea7798e",
    "UnresolvedTypeFullyQualifiedName": null,
    "Expression": null,
    "IsLiteral": false
  }
]